,0
0,-0.07726599926845013
1,-0.07726599926845013
2,-0.07726599926845013
3,-0.07726599926845013
4,-0.07726599926845013
5,-0.07726599926845013
6,-0.07726599926845013
7,-0.07726599926845013
8,-0.07519355666980021
9,-0.044463751274141705
10,0.06366555057437667
11,0.27272990395170355
12,0.5405638736628574
13,0.7766626054346196
14,0.9101934553356219
15,0.9227340007315499
16,0.8375838768890472
17,0.6947451152674798
18,0.5336372765490085
19,0.4068397453369751
20,0.37492929550548154
21,0.44177659073500025
22,0.5425873692959367
23,0.6071604776077131
24,0.6024642576583847
25,0.5331436118906888
26,0.4233358533474889
27,0.30169185341282945
28,0.21468548937169774
29,0.22207520608192555
30,0.3511409254589479
31,0.5589350358993637
32,0.7520733665480515
33,0.8563518809764531
34,0.8502964916447886
35,0.7547344307125099
36,0.6098120538189711
37,0.4779391444994498
38,0.4326024223652326
39,0.5101805078837792
40,0.6724392338301697
41,0.827627178287969
42,0.9014539462921203
43,0.8716345358356642
44,0.7580266517775145
45,0.5978146025371663
46,0.42813396591306796
47,0.2998800550048421
48,0.27164742120453245
49,0.34583311071048
50,0.45610115743024626
51,0.5314321479864154
52,0.537855724836301
53,0.4793081406555082
54,0.3794397620391795
55,0.2666116220164896
56,0.1871694896867343
57,0.20109669983761919
58,0.3354435455387693
59,0.5471826777025529
60,0.7434040480367242
61,0.8500452418186069
62,0.8457683650352165
63,0.7515232137879706
64,0.6075612032289779
65,0.47637879875360434
66,0.43176303035235397
67,0.5098395202670191
68,0.6724392338301697
69,0.827627178287969
70,0.9014539462921203
71,0.8716345358356642
72,0.7580266517775145
73,0.5978146025371663
74,0.42813396591306796
75,0.2998800550048421
76,0.27164742120453245
77,0.34583311071048
78,0.45610115743024626
79,0.5314321479864154
80,0.537855724836301
81,0.4793081406555082
82,0.3794397620391795
83,0.2666116220164896
84,0.1871694896867343
85,0.20109669983761919
86,0.3354435455387693
87,0.5471826777025529
88,0.7434040480367242
89,0.8500452418186069
90,0.8457683650352165
91,0.7515232137879706
92,0.6075612032289779
93,0.47637879875360434
94,0.43176303035235397
95,0.5098395202670191
96,0.6724392338301697
97,0.827627178287969
98,0.9014539462921203
99,0.8716345358356642
100,0.7580266517775145
101,0.5978146025371663
102,0.42813396591306796
103,0.2998800550048421
104,0.27164742120453245
105,0.34583311071048
106,0.45610115743024626
107,0.5314321479864154
108,0.537855724836301
109,0.4793081406555082
110,0.3794397620391795
111,0.2666116220164896
112,0.1871694896867343
113,0.20109669983761919
114,0.3354435455387693
115,0.5471826777025529
116,0.7434040480367242
117,0.8500452418186069
118,0.8457683650352165
119,0.7515232137879706
120,0.6075612032289779
121,0.47637879875360434
122,0.43176303035235397
123,0.5098395202670191
124,0.6724392338301697
125,0.827627178287969
126,0.9014539462921203
127,0.8716345358356642
128,0.7580266517775145
129,0.5978146025371663
130,0.42813396591306796
131,0.2998800550048421
132,0.27164742120453245
133,0.34583311071048
134,0.45610115743024626
135,0.5314321479864154
136,0.537855724836301
137,0.4793081406555082
138,0.3794397620391795
139,0.2666116220164896
140,0.1871694896867343
141,0.20109669983761919
142,0.3354435455387693
143,0.5471826777025529
144,0.7434040480367242
145,0.8500452418186069
146,0.8457683650352165
147,0.7515232137879706
148,0.6075612032289779
149,0.47637879875360434
150,0.43176303035235397
151,0.5098395202670191
152,0.6724392338301697
153,0.827627178287969
154,0.9014539462921203
155,0.8716345358356642
156,0.7580266517775145
157,0.5978146025371663
158,0.42813396591306796
159,0.2998800550048421
160,0.27164742120453245
161,0.34583311071048
162,0.45610115743024626
163,0.5314321479864154
164,0.537855724836301
165,0.4793081406555082
166,0.3794397620391795
167,0.2666116220164896
168,0.1871694896867343
169,0.20109669983761919
170,0.3354435455387693
171,0.5471826777025529
172,0.7434040480367242
173,0.8500452418186069
174,0.8457683650352165
175,0.7515232137879706
176,0.6075612032289779
177,0.47637879875360434
178,0.43176303035235397
179,0.5098395202670191
180,0.6724392338301697
181,0.827627178287969
182,0.9014539462921203
183,0.8716345358356642
184,0.7580266517775145
185,0.5978146025371663
186,0.42813396591306796
187,0.2998800550048421
188,0.27164742120453245
189,0.34583311071048
190,0.45610115743024626
191,0.5314321479864154
192,0.537855724836301
193,0.4793081406555082
194,0.3794397620391795
195,0.2666116220164896
196,0.1871694896867343
197,0.20109669983761919
198,0.3354435455387693
199,0.5471826777025529
200,0.7434040480367242
201,0.8500452418186069
202,0.8457683650352165
203,0.7515232137879706
204,0.6075612032289779
205,0.47637879875360434
206,0.43176303035235397
207,0.5098395202670191
208,0.6724392338301697
209,0.827627178287969
210,0.9014539462921203
211,0.8716345358356642
212,0.7580266517775145
213,0.5978146025371663
214,0.42813396591306796
215,0.2998800550048421
216,0.27164742120453245
217,0.34583311071048
218,0.45610115743024626
219,0.5314321479864154
220,0.537855724836301
221,0.4793081406555082
222,0.3794397620391795
223,0.2666116220164896
224,0.1871694896867343
225,0.20109669983761919
226,0.3354435455387693
227,0.5471826777025529
228,0.7434040480367242
229,0.8500452418186069
230,0.8457683650352165
231,0.7515232137879706
232,0.6075612032289779
233,0.47637879875360434
234,0.43176303035235397
235,0.5098395202670191
236,0.6724392338301697
237,0.827627178287969
238,0.9014539462921203
239,0.8716345358356642
240,0.7580266517775145
241,0.5978146025371663
242,0.42813396591306796
243,0.2998800550048421
244,0.27164742120453245
245,0.34583311071048
246,0.45610115743024626
247,0.5314321479864154
248,0.537855724836301
249,0.4793081406555082
250,0.3794397620391795
251,0.2666116220164896
252,0.1871694896867343
253,0.20109669983761919
254,0.3354435455387693
255,0.5471826777025529
256,0.7434040480367242
257,0.8500452418186069
258,0.8457683650352165
259,0.7515232137879706
260,0.6075612032289779
261,0.47637879875360434
262,0.43176303035235397
263,0.5098395202670191
264,0.6724392338301697
265,0.827627178287969
266,0.9014539462921203
267,0.8716345358356642
268,0.7580266517775145
269,0.5978146025371663
270,0.42813396591306796
271,0.2998800550048421
272,0.27164742120453245
273,0.34583311071048
274,0.45610115743024626
275,0.5314321479864154
276,0.537855724836301
277,0.4793081406555082
278,0.3794397620391795
279,0.2666116220164896
280,0.1871694896867343
281,0.20109669983761919
282,0.3354435455387693
283,0.5471826777025529
284,0.7434040480367242
285,0.8500452418186069
286,0.8457683650352165
287,0.7515232137879706
288,0.6075612032289779
289,0.47637879875360434
290,0.43176303035235397
291,0.5098395202670191
292,0.6724392338301697
293,0.827627178287969
294,0.9014539462921203
295,0.8716345358356642
296,0.7580266517775145
297,0.5978146025371663
298,0.42813396591306796
299,0.2998800550048421
300,0.27164742120453245
301,0.34583311071048
302,0.45610115743024626
303,0.5314321479864154
304,0.537855724836301
305,0.4793081406555082
306,0.3794397620391795
307,0.2666116220164896
308,0.1871694896867343
309,0.20109669983761919
310,0.3354435455387693
311,0.5471826777025529
312,0.7434040480367242
313,0.8500452418186069
314,0.8457683650352165
315,0.7515232137879706
316,0.6054887606303281
317,0.4435765507592959
318,0.29083148050952723
319,0.1598436170468654
320,0.054609360898862036
321,-0.026301426415100915
322,-0.08600550831195175
323,-0.12836546416433592
324,-0.15682322437998297
325,-0.17419651199876363
326,-0.18276930990439078
327,-0.18422568960058316
328,-0.1805478735693994
329,-0.17320947929297037
330,-0.07726599926845013
331,-0.07726599926845013
332,-0.07726599926845013
333,-0.07726599926845013
334,-0.07726599926845013
335,-0.07726599926845013
336,-0.07726599926845013
337,-0.07726599926845013
338,-0.07519355666980021
339,-0.044463751274141705
340,0.06366555057437667
341,0.27272990395170355
342,0.5405638736628574
343,0.7766626054346196
344,0.9101934553356219
345,0.9227340007315499
346,0.8375838768890472
347,0.6947451152674798
348,0.5336372765490085
349,0.4068397453369751
350,0.37492929550548154
351,0.44177659073500025
352,0.5425873692959367
353,0.6071604776077131
354,0.6024642576583847
355,0.5331436118906888
356,0.4233358533474889
357,0.30169185341282945
358,0.21468548937169774
359,0.22207520608192555
360,0.3511409254589479
361,0.5589350358993637
362,0.7520733665480515
363,0.8563518809764531
364,0.8502964916447886
365,0.7547344307125099
366,0.6098120538189711
367,0.4779391444994498
368,0.4326024223652326
369,0.5101805078837792
370,0.6724392338301697
371,0.827627178287969
372,0.9014539462921203
373,0.8716345358356642
374,0.7580266517775145
375,0.5978146025371663
376,0.42813396591306796
377,0.2998800550048421
378,0.27164742120453245
379,0.34583311071048
380,0.45610115743024626
381,0.5314321479864154
382,0.537855724836301
383,0.4793081406555082
384,0.3794397620391795
385,0.2666116220164896
386,0.1871694896867343
387,0.20109669983761919
388,0.3354435455387693
389,0.5471826777025529
390,0.7434040480367242
391,0.8500452418186069
392,0.8457683650352165
393,0.7515232137879706
394,0.6075612032289779
395,0.47637879875360434
396,0.43176303035235397
397,0.5098395202670191
398,0.6724392338301697
399,0.827627178287969
400,0.9014539462921203
401,0.8716345358356642
402,0.7580266517775145
403,0.5978146025371663
404,0.42813396591306796
405,0.2998800550048421
406,0.27164742120453245
407,0.34583311071048
408,0.45610115743024626
409,0.5314321479864154
410,0.537855724836301
411,0.4793081406555082
412,0.3794397620391795
413,0.2666116220164896
414,0.1871694896867343
415,0.20109669983761919
416,0.3354435455387693
417,0.5471826777025529
418,0.7434040480367242
419,0.8500452418186069
420,0.8457683650352165
421,0.7515232137879706
422,0.6075612032289779
423,0.47637879875360434
424,0.43176303035235397
425,0.5098395202670191
426,0.6724392338301697
427,0.827627178287969
428,0.9014539462921203
429,0.8716345358356642
430,0.7580266517775145
431,0.5978146025371663
432,0.42813396591306796
433,0.2998800550048421
434,0.27164742120453245
435,0.34583311071048
436,0.45610115743024626
437,0.5314321479864154
438,0.537855724836301
439,0.4793081406555082
440,0.3794397620391795
441,0.2666116220164896
442,0.1871694896867343
443,0.20109669983761919
444,0.3354435455387693
445,0.5471826777025529
446,0.7434040480367242
447,0.8500452418186069
448,0.8457683650352165
449,0.7515232137879706
450,0.6075612032289779
451,0.47637879875360434
452,0.43176303035235397
453,0.5098395202670191
454,0.6724392338301697
455,0.827627178287969
456,0.9014539462921203
457,0.8716345358356642
458,0.7580266517775145
459,0.5978146025371663
460,0.42813396591306796
461,0.2998800550048421
462,0.27164742120453245
463,0.34583311071048
464,0.45610115743024626
465,0.5314321479864154
466,0.537855724836301
467,0.4793081406555082
468,0.3794397620391795
469,0.2666116220164896
470,0.1871694896867343
471,0.20109669983761919
472,0.3354435455387693
473,0.5471826777025529
474,0.7434040480367242
475,0.8500452418186069
476,0.8457683650352165
477,0.7515232137879706
478,0.6075612032289779
479,0.47637879875360434
480,0.43176303035235397
481,0.5098395202670191
482,0.6724392338301697
483,0.827627178287969
484,0.9014539462921203
485,0.8716345358356642
486,0.7580266517775145
487,0.5978146025371663
488,0.42813396591306796
489,0.2998800550048421
490,0.27164742120453245
491,0.34583311071048
492,0.45610115743024626
493,0.5314321479864154
494,0.537855724836301
495,0.4793081406555082
496,0.3794397620391795
497,0.2666116220164896
498,0.1871694896867343
499,0.20109669983761919
500,0.3354435455387693
501,0.5471826777025529
502,0.7434040480367242
503,0.8500452418186069
504,0.8457683650352165
505,0.7515232137879706
506,0.6075612032289779
507,0.47637879875360434
508,0.43176303035235397
509,0.5098395202670191
510,0.6724392338301697
511,0.827627178287969
512,0.9014539462921203
513,0.8716345358356642
514,0.7580266517775145
515,0.5978146025371663
516,0.42813396591306796
517,0.2998800550048421
518,0.27164742120453245
519,0.34583311071048
520,0.45610115743024626
521,0.5314321479864154
522,0.537855724836301
523,0.4793081406555082
524,0.3794397620391795
525,0.2666116220164896
526,0.1871694896867343
527,0.20109669983761919
528,0.3354435455387693
529,0.5471826777025529
530,0.7434040480367242
531,0.8500452418186069
532,0.8457683650352165
533,0.7515232137879706
534,0.6075612032289779
535,0.47637879875360434
536,0.43176303035235397
537,0.5098395202670191
538,0.6724392338301697
539,0.827627178287969
540,0.9014539462921203
541,0.8716345358356642
542,0.7580266517775145
543,0.5978146025371663
544,0.42813396591306796
545,0.2998800550048421
546,0.27164742120453245
547,0.34583311071048
548,0.45610115743024626
549,0.5314321479864154
550,0.537855724836301
551,0.4793081406555082
552,0.3794397620391795
553,0.2666116220164896
554,0.1871694896867343
555,0.20109669983761919
556,0.3354435455387693
557,0.5471826777025529
558,0.7434040480367242
559,0.8500452418186069
560,0.8457683650352165
561,0.7515232137879706
562,0.6075612032289779
563,0.47637879875360434
564,0.43176303035235397
565,0.5098395202670191
566,0.6724392338301697
567,0.827627178287969
568,0.9014539462921203
569,0.8716345358356642
570,0.7580266517775145
571,0.5978146025371663
572,0.42813396591306796
573,0.2998800550048421
574,0.27164742120453245
575,0.34583311071048
576,0.45610115743024626
577,0.5314321479864154
578,0.537855724836301
579,0.4793081406555082
580,0.3794397620391795
581,0.2666116220164896
582,0.1871694896867343
583,0.20109669983761919
584,0.3354435455387693
585,0.5471826777025529
586,0.7434040480367242
587,0.8500452418186069
588,0.8457683650352165
589,0.7515232137879706
590,0.6075612032289779
591,0.47637879875360434
592,0.43176303035235397
593,0.5098395202670191
594,0.6724392338301697
595,0.827627178287969
596,0.9014539462921203
597,0.8716345358356642
598,0.7580266517775145
599,0.5978146025371663
600,0.42813396591306796
601,0.2998800550048421
602,0.27164742120453245
603,0.34583311071048
604,0.45610115743024626
605,0.5314321479864154
606,0.537855724836301
607,0.4793081406555082
608,0.3794397620391795
609,0.2666116220164896
610,0.1871694896867343
611,0.20109669983761919
612,0.3354435455387693
613,0.5471826777025529
614,0.7434040480367242
615,0.8500452418186069
616,0.8457683650352165
617,0.7515232137879706
618,0.6075612032289779
619,0.47637879875360434
620,0.43176303035235397
621,0.5098395202670191
622,0.6724392338301697
623,0.827627178287969
624,0.9014539462921203
625,0.8716345358356642
626,0.7580266517775145
627,0.5978146025371663
628,0.42813396591306796
629,0.2998800550048421
630,0.27164742120453245
631,0.34583311071048
632,0.45610115743024626
633,0.5314321479864154
634,0.537855724836301
635,0.4793081406555082
636,0.3794397620391795
637,0.2666116220164896
638,0.1871694896867343
639,0.20109669983761919
640,0.3354435455387693
641,0.5471826777025529
642,0.7434040480367242
643,0.8500452418186069
644,0.8457683650352165
645,0.7515232137879706
646,0.6054887606303281
647,0.4435765507592959
648,0.29083148050952723
649,0.1598436170468654
650,0.054609360898862036
651,-0.026301426415100915
652,-0.08600550831195175
653,-0.12836546416433592
654,-0.15682322437998297
655,-0.17419651199876363
656,-0.18276930990439078
657,-0.18422568960058316
658,-0.1805478735693994
659,-0.17320947929297037
660,-0.07726599926845013
661,-0.07726599926845013
662,-0.07726599926845013
663,-0.07726599926845013
664,-0.07726599926845013
665,-0.07726599926845013
666,-0.07726599926845013
667,-0.07726599926845013
668,-0.07519355666980021
669,-0.044463751274141705
670,0.06366555057437667
671,0.27272990395170355
672,0.5405638736628574
673,0.7766626054346196
674,0.9101934553356219
675,0.9227340007315499
676,0.8375838768890472
677,0.6947451152674798
678,0.5336372765490085
679,0.4068397453369751
680,0.37492929550548154
681,0.44177659073500025
682,0.5425873692959367
683,0.6071604776077131
684,0.6024642576583847
685,0.5331436118906888
686,0.4233358533474889
687,0.30169185341282945
688,0.21468548937169774
689,0.22207520608192555
690,0.3511409254589479
691,0.5589350358993637
692,0.7520733665480515
693,0.8563518809764531
694,0.8502964916447886
695,0.7547344307125099
696,0.6098120538189711
697,0.4779391444994498
698,0.4326024223652326
699,0.5101805078837792
700,0.6724392338301697
701,0.827627178287969
702,0.9014539462921203
703,0.8716345358356642
704,0.7580266517775145
705,0.5978146025371663
706,0.42813396591306796
707,0.2998800550048421
708,0.27164742120453245
709,0.34583311071048
710,0.45610115743024626
711,0.5314321479864154
712,0.537855724836301
713,0.4793081406555082
714,0.3794397620391795
715,0.2666116220164896
716,0.1871694896867343
717,0.20109669983761919
718,0.3354435455387693
719,0.5471826777025529
720,0.7434040480367242
721,0.8500452418186069
722,0.8457683650352165
723,0.7515232137879706
724,0.6075612032289779
725,0.47637879875360434
726,0.43176303035235397
727,0.5098395202670191
728,0.6724392338301697
729,0.827627178287969
730,0.9014539462921203
731,0.8716345358356642
732,0.7580266517775145
733,0.5978146025371663
734,0.42813396591306796
735,0.2998800550048421
736,0.27164742120453245
737,0.34583311071048
738,0.45610115743024626
739,0.5314321479864154
740,0.537855724836301
741,0.4793081406555082
742,0.3794397620391795
743,0.2666116220164896
744,0.1871694896867343
745,0.20109669983761919
746,0.3354435455387693
747,0.5471826777025529
748,0.7434040480367242
749,0.8500452418186069
750,0.8457683650352165
751,0.7515232137879706
752,0.6075612032289779
753,0.47637879875360434
754,0.43176303035235397
755,0.5098395202670191
756,0.6724392338301697
757,0.827627178287969
758,0.9014539462921203
759,0.8716345358356642
760,0.7580266517775145
761,0.5978146025371663
762,0.42813396591306796
763,0.2998800550048421
764,0.27164742120453245
765,0.34583311071048
766,0.45610115743024626
767,0.5314321479864154
768,0.537855724836301
769,0.4793081406555082
770,0.3794397620391795
771,0.2666116220164896
772,0.1871694896867343
773,0.20109669983761919
774,0.3354435455387693
775,0.5471826777025529
776,0.7434040480367242
777,0.8500452418186069
778,0.8457683650352165
779,0.7515232137879706
780,0.6075612032289779
781,0.47637879875360434
782,0.43176303035235397
783,0.5098395202670191
784,0.6724392338301697
785,0.827627178287969
786,0.9014539462921203
787,0.8716345358356642
788,0.7580266517775145
789,0.5978146025371663
790,0.42813396591306796
791,0.2998800550048421
792,0.27164742120453245
793,0.34583311071048
794,0.45610115743024626
795,0.5314321479864154
796,0.537855724836301
797,0.4793081406555082
798,0.3794397620391795
799,0.2666116220164896
800,0.1871694896867343
801,0.20109669983761919
802,0.3354435455387693
803,0.5471826777025529
804,0.7434040480367242
805,0.8500452418186069
806,0.8457683650352165
807,0.7515232137879706
808,0.6075612032289779
809,0.47637879875360434
810,0.43176303035235397
811,0.5098395202670191
812,0.6724392338301697
813,0.827627178287969
814,0.9014539462921203
815,0.8716345358356642
816,0.7580266517775145
817,0.5978146025371663
818,0.42813396591306796
819,0.2998800550048421
820,0.27164742120453245
821,0.34583311071048
822,0.45610115743024626
823,0.5314321479864154
824,0.537855724836301
825,0.4793081406555082
826,0.3794397620391795
827,0.2666116220164896
828,0.1871694896867343
829,0.20109669983761919
830,0.3354435455387693
831,0.5471826777025529
832,0.7434040480367242
833,0.8500452418186069
834,0.8457683650352165
835,0.7515232137879706
836,0.6075612032289779
837,0.47637879875360434
838,0.43176303035235397
839,0.5098395202670191
840,0.6724392338301697
841,0.827627178287969
842,0.9014539462921203
843,0.8716345358356642
844,0.7580266517775145
845,0.5978146025371663
846,0.42813396591306796
847,0.2998800550048421
848,0.27164742120453245
849,0.34583311071048
850,0.45610115743024626
851,0.5314321479864154
852,0.537855724836301
853,0.4793081406555082
854,0.3794397620391795
855,0.2666116220164896
856,0.1871694896867343
857,0.20109669983761919
858,0.3354435455387693
859,0.5471826777025529
860,0.7434040480367242
861,0.8500452418186069
862,0.8457683650352165
863,0.7515232137879706
864,0.6075612032289779
865,0.47637879875360434
866,0.43176303035235397
867,0.5098395202670191
868,0.6724392338301697
869,0.827627178287969
870,0.9014539462921203
871,0.8716345358356642
872,0.7580266517775145
873,0.5978146025371663
874,0.42813396591306796
875,0.2998800550048421
876,0.27164742120453245
877,0.34583311071048
878,0.45610115743024626
879,0.5314321479864154
880,0.537855724836301
881,0.4793081406555082
882,0.3794397620391795
883,0.2666116220164896
884,0.1871694896867343
885,0.20109669983761919
886,0.3354435455387693
887,0.5471826777025529
888,0.7434040480367242
889,0.8500452418186069
890,0.8457683650352165
891,0.7515232137879706
892,0.6075612032289779
893,0.47637879875360434
894,0.43176303035235397
895,0.5098395202670191
896,0.6724392338301697
897,0.827627178287969
898,0.9014539462921203
899,0.8716345358356642
900,0.7580266517775145
901,0.5978146025371663
902,0.42813396591306796
903,0.2998800550048421
904,0.27164742120453245
905,0.34583311071048
906,0.45610115743024626
907,0.5314321479864154
908,0.537855724836301
909,0.4793081406555082
910,0.3794397620391795
911,0.2666116220164896
912,0.1871694896867343
913,0.20109669983761919
914,0.3354435455387693
915,0.5471826777025529
916,0.7434040480367242
917,0.8500452418186069
918,0.8457683650352165
919,0.7515232137879706
920,0.6075612032289779
921,0.47637879875360434
922,0.43176303035235397
923,0.5098395202670191
924,0.6724392338301697
925,0.827627178287969
926,0.9014539462921203
927,0.8716345358356642
928,0.7580266517775145
929,0.5978146025371663
930,0.42813396591306796
931,0.2998800550048421
932,0.27164742120453245
933,0.34583311071048
934,0.45610115743024626
935,0.5314321479864154
936,0.537855724836301
937,0.4793081406555082
938,0.3794397620391795
939,0.2666116220164896
940,0.1871694896867343
941,0.20109669983761919
942,0.3354435455387693
943,0.5471826777025529
944,0.7434040480367242
945,0.8500452418186069
946,0.8457683650352165
947,0.7515232137879706
948,0.6075612032289779
949,0.47637879875360434
950,0.43176303035235397
951,0.5098395202670191
952,0.6724392338301697
953,0.827627178287969
954,0.9014539462921203
955,0.8716345358356642
956,0.7580266517775145
957,0.5978146025371663
958,0.42813396591306796
959,0.2998800550048421
960,0.27164742120453245
961,0.34583311071048
962,0.45610115743024626
963,0.5314321479864154
964,0.537855724836301
965,0.4793081406555082
966,0.3794397620391795
967,0.2666116220164896
968,0.1871694896867343
969,0.20109669983761919
970,0.3354435455387693
971,0.5471826777025529
972,0.7434040480367242
973,0.8500452418186069
974,0.8457683650352165
975,0.7515232137879706
976,0.6054887606303281
977,0.4435765507592959
978,0.29083148050952723
979,0.1598436170468654
980,0.054609360898862036
981,-0.026301426415100915
982,-0.08600550831195175
983,-0.12836546416433592
984,-0.15682322437998297
985,-0.17419651199876363
986,-0.18276930990439078
987,-0.18422568960058316
988,-0.1805478735693994
989,-0.17320947929297037
990,-0.07726599926845013
991,-0.07726599926845013
992,-0.07726599926845013
993,-0.07726599926845013
994,-0.07726599926845013
995,-0.07726599926845013
996,-0.07726599926845013
997,-0.07726599926845013
998,-0.07519355666980021
999,-0.044463751274141705
1000,0.06366555057437667
1001,0.27272990395170355
1002,0.5405638736628574
1003,0.7766626054346196
1004,0.9101934553356219
1005,0.9227340007315499
1006,0.8375838768890472
1007,0.6947451152674798
1008,0.5336372765490085
1009,0.4068397453369751
1010,0.37492929550548154
1011,0.44177659073500025
1012,0.5425873692959367
1013,0.6071604776077131
1014,0.6024642576583847
1015,0.5331436118906888
1016,0.4233358533474889
1017,0.30169185341282945
1018,0.21468548937169774
1019,0.22207520608192555
1020,0.3511409254589479
1021,0.5589350358993637
1022,0.7520733665480515
1023,0.8563518809764531
1024,0.8502964916447886
1025,0.7547344307125099
1026,0.6098120538189711
1027,0.4779391444994498
1028,0.4326024223652326
1029,0.5101805078837792
1030,0.6724392338301697
1031,0.827627178287969
1032,0.9014539462921203
1033,0.8716345358356642
1034,0.7580266517775145
1035,0.5978146025371663
1036,0.42813396591306796
1037,0.2998800550048421
1038,0.27164742120453245
1039,0.34583311071048
1040,0.45610115743024626
1041,0.5314321479864154
1042,0.537855724836301
1043,0.4793081406555082
1044,0.3794397620391795
1045,0.2666116220164896
1046,0.1871694896867343
1047,0.20109669983761919
1048,0.3354435455387693
1049,0.5471826777025529
1050,0.7434040480367242
1051,0.8500452418186069
1052,0.8457683650352165
1053,0.7515232137879706
1054,0.6075612032289779
1055,0.47637879875360434
1056,0.43176303035235397
1057,0.5098395202670191
1058,0.6724392338301697
1059,0.827627178287969
1060,0.9014539462921203
1061,0.8716345358356642
1062,0.7580266517775145
1063,0.5978146025371663
1064,0.42813396591306796
1065,0.2998800550048421
1066,0.27164742120453245
1067,0.34583311071048
1068,0.45610115743024626
1069,0.5314321479864154
1070,0.537855724836301
1071,0.4793081406555082
1072,0.3794397620391795
1073,0.2666116220164896
1074,0.1871694896867343
1075,0.20109669983761919
1076,0.3354435455387693
1077,0.5471826777025529
1078,0.7434040480367242
1079,0.8500452418186069
1080,0.8457683650352165
1081,0.7515232137879706
1082,0.6075612032289779
1083,0.47637879875360434
1084,0.43176303035235397
1085,0.5098395202670191
1086,0.6724392338301697
1087,0.827627178287969
1088,0.9014539462921203
1089,0.8716345358356642
1090,0.7580266517775145
1091,0.5978146025371663
1092,0.42813396591306796
1093,0.2998800550048421
1094,0.27164742120453245
1095,0.34583311071048
1096,0.45610115743024626
1097,0.5314321479864154
1098,0.537855724836301
1099,0.4793081406555082
1100,0.3794397620391795
1101,0.2666116220164896
1102,0.1871694896867343
1103,0.20109669983761919
1104,0.3354435455387693
1105,0.5471826777025529
1106,0.7434040480367242
1107,0.8500452418186069
1108,0.8457683650352165
1109,0.7515232137879706
1110,0.6075612032289779
1111,0.47637879875360434
1112,0.43176303035235397
1113,0.5098395202670191
1114,0.6724392338301697
1115,0.827627178287969
1116,0.9014539462921203
1117,0.8716345358356642
1118,0.7580266517775145
1119,0.5978146025371663
1120,0.42813396591306796
1121,0.2998800550048421
1122,0.27164742120453245
1123,0.34583311071048
1124,0.45610115743024626
1125,0.5314321479864154
1126,0.537855724836301
1127,0.4793081406555082
1128,0.3794397620391795
1129,0.2666116220164896
1130,0.1871694896867343
1131,0.20109669983761919
1132,0.3354435455387693
1133,0.5471826777025529
1134,0.7434040480367242
1135,0.8500452418186069
1136,0.8457683650352165
1137,0.7515232137879706
1138,0.6075612032289779
1139,0.47637879875360434
1140,0.43176303035235397
1141,0.5098395202670191
1142,0.6724392338301697
1143,0.827627178287969
1144,0.9014539462921203
1145,0.8716345358356642
1146,0.7580266517775145
1147,0.5978146025371663
1148,0.42813396591306796
1149,0.2998800550048421
1150,0.27164742120453245
1151,0.34583311071048
1152,0.45610115743024626
1153,0.5314321479864154
1154,0.537855724836301
1155,0.4793081406555082
1156,0.3794397620391795
1157,0.2666116220164896
1158,0.1871694896867343
1159,0.20109669983761919
1160,0.3354435455387693
1161,0.5471826777025529
1162,0.7434040480367242
1163,0.8500452418186069
1164,0.8457683650352165
1165,0.7515232137879706
1166,0.6075612032289779
1167,0.47637879875360434
1168,0.43176303035235397
1169,0.5098395202670191
1170,0.6724392338301697
1171,0.827627178287969
1172,0.9014539462921203
1173,0.8716345358356642
1174,0.7580266517775145
1175,0.5978146025371663
1176,0.42813396591306796
1177,0.2998800550048421
1178,0.27164742120453245
1179,0.34583311071048
1180,0.45610115743024626
1181,0.5314321479864154
1182,0.537855724836301
1183,0.4793081406555082
1184,0.3794397620391795
1185,0.2666116220164896
1186,0.1871694896867343
1187,0.20109669983761919
1188,0.3354435455387693
1189,0.5471826777025529
1190,0.7434040480367242
1191,0.8500452418186069
1192,0.8457683650352165
1193,0.7515232137879706
1194,0.6075612032289779
1195,0.47637879875360434
1196,0.43176303035235397
1197,0.5098395202670191
1198,0.6724392338301697
1199,0.827627178287969
1200,0.9014539462921203
1201,0.8716345358356642
1202,0.7580266517775145
1203,0.5978146025371663
1204,0.42813396591306796
1205,0.2998800550048421
1206,0.27164742120453245
1207,0.34583311071048
1208,0.45610115743024626
1209,0.5314321479864154
1210,0.537855724836301
1211,0.4793081406555082
1212,0.3794397620391795
1213,0.2666116220164896
1214,0.1871694896867343
1215,0.20109669983761919
1216,0.3354435455387693
1217,0.5471826777025529
1218,0.7434040480367242
1219,0.8500452418186069
1220,0.8457683650352165
1221,0.7515232137879706
1222,0.6075612032289779
1223,0.47637879875360434
1224,0.43176303035235397
1225,0.5098395202670191
1226,0.6724392338301697
1227,0.827627178287969
1228,0.9014539462921203
1229,0.8716345358356642
1230,0.7580266517775145
1231,0.5978146025371663
1232,0.42813396591306796
1233,0.2998800550048421
1234,0.27164742120453245
1235,0.34583311071048
1236,0.45610115743024626
1237,0.5314321479864154
1238,0.537855724836301
1239,0.4793081406555082
1240,0.3794397620391795
1241,0.2666116220164896
1242,0.1871694896867343
1243,0.20109669983761919
1244,0.3354435455387693
1245,0.5471826777025529
1246,0.7434040480367242
1247,0.8500452418186069
1248,0.8457683650352165
1249,0.7515232137879706
1250,0.6075612032289779
1251,0.47637879875360434
1252,0.43176303035235397
1253,0.5098395202670191
1254,0.6724392338301697
1255,0.827627178287969
1256,0.9014539462921203
1257,0.8716345358356642
1258,0.7580266517775145
1259,0.5978146025371663
1260,0.42813396591306796
1261,0.2998800550048421
1262,0.27164742120453245
1263,0.34583311071048
1264,0.45610115743024626
1265,0.5314321479864154
1266,0.537855724836301
1267,0.4793081406555082
1268,0.3794397620391795
1269,0.2666116220164896
1270,0.1871694896867343
1271,0.20109669983761919
1272,0.3354435455387693
1273,0.5471826777025529
1274,0.7434040480367242
1275,0.8500452418186069
1276,0.8457683650352165
1277,0.7515232137879706
1278,0.6075612032289779
1279,0.47637879875360434
1280,0.43176303035235397
1281,0.5098395202670191
1282,0.6724392338301697
1283,0.827627178287969
1284,0.9014539462921203
1285,0.8716345358356642
1286,0.7580266517775145
1287,0.5978146025371663
1288,0.42813396591306796
1289,0.2998800550048421
1290,0.27164742120453245
1291,0.34583311071048
1292,0.45610115743024626
1293,0.5314321479864154
1294,0.537855724836301
1295,0.4793081406555082
1296,0.3794397620391795
1297,0.2666116220164896
1298,0.1871694896867343
1299,0.20109669983761919
1300,0.3354435455387693
1301,0.5471826777025529
1302,0.7434040480367242
1303,0.8500452418186069
1304,0.8457683650352165
1305,0.7515232137879706
1306,0.6054887606303281
1307,0.4435765507592959
1308,0.29083148050952723
1309,0.1598436170468654
1310,0.054609360898862036
1311,-0.026301426415100915
1312,-0.08600550831195175
1313,-0.12836546416433592
1314,-0.15682322437998297
1315,-0.17419651199876363
1316,-0.18276930990439078
1317,-0.18422568960058316
1318,-0.1805478735693994
1319,-0.17320947929297037
1320,-0.07726599926845013
1321,-0.07726599926845013
1322,-0.07726599926845013
1323,-0.07726599926845013
1324,-0.07726599926845013
1325,-0.07726599926845013
1326,-0.07726599926845013
1327,-0.07726599926845013
1328,-0.07519355666980021
1329,-0.044463751274141705
1330,0.06366555057437667
1331,0.27272990395170355
1332,0.5405638736628574
1333,0.7766626054346196
1334,0.9101934553356219
1335,0.9227340007315499
1336,0.8375838768890472
1337,0.6947451152674798
1338,0.5336372765490085
1339,0.4068397453369751
1340,0.37492929550548154
1341,0.44177659073500025
1342,0.5425873692959367
1343,0.6071604776077131
1344,0.6024642576583847
1345,0.5331436118906888
1346,0.4233358533474889
1347,0.30169185341282945
1348,0.21468548937169774
1349,0.22207520608192555
1350,0.3511409254589479
1351,0.5589350358993637
1352,0.7520733665480515
1353,0.8563518809764531
1354,0.8502964916447886
1355,0.7547344307125099
1356,0.6098120538189711
1357,0.4779391444994498
1358,0.4326024223652326
1359,0.5101805078837792
1360,0.6724392338301697
1361,0.827627178287969
1362,0.9014539462921203
1363,0.8716345358356642
1364,0.7580266517775145
1365,0.5978146025371663
1366,0.42813396591306796
1367,0.2998800550048421
1368,0.27164742120453245
1369,0.34583311071048
1370,0.45610115743024626
1371,0.5314321479864154
1372,0.537855724836301
1373,0.4793081406555082
1374,0.3794397620391795
1375,0.2666116220164896
1376,0.1871694896867343
1377,0.20109669983761919
1378,0.3354435455387693
1379,0.5471826777025529
1380,0.7434040480367242
1381,0.8500452418186069
1382,0.8457683650352165
1383,0.7515232137879706
1384,0.6075612032289779
1385,0.47637879875360434
1386,0.43176303035235397
1387,0.5098395202670191
1388,0.6724392338301697
1389,0.827627178287969
1390,0.9014539462921203
1391,0.8716345358356642
1392,0.7580266517775145
1393,0.5978146025371663
1394,0.42813396591306796
1395,0.2998800550048421
1396,0.27164742120453245
1397,0.34583311071048
1398,0.45610115743024626
1399,0.5314321479864154
1400,0.537855724836301
1401,0.4793081406555082
1402,0.3794397620391795
1403,0.2666116220164896
1404,0.1871694896867343
1405,0.20109669983761919
1406,0.3354435455387693
1407,0.5471826777025529
1408,0.7434040480367242
1409,0.8500452418186069
1410,0.8457683650352165
1411,0.7515232137879706
1412,0.6075612032289779
1413,0.47637879875360434
1414,0.43176303035235397
1415,0.5098395202670191
1416,0.6724392338301697
1417,0.827627178287969
1418,0.9014539462921203
1419,0.8716345358356642
1420,0.7580266517775145
1421,0.5978146025371663
1422,0.42813396591306796
1423,0.2998800550048421
1424,0.27164742120453245
1425,0.34583311071048
1426,0.45610115743024626
1427,0.5314321479864154
1428,0.537855724836301
1429,0.4793081406555082
1430,0.3794397620391795
1431,0.2666116220164896
1432,0.1871694896867343
1433,0.20109669983761919
1434,0.3354435455387693
1435,0.5471826777025529
1436,0.7434040480367242
1437,0.8500452418186069
1438,0.8457683650352165
1439,0.7515232137879706
1440,0.6075612032289779
1441,0.47637879875360434
1442,0.43176303035235397
1443,0.5098395202670191
1444,0.6724392338301697
1445,0.827627178287969
1446,0.9014539462921203
1447,0.8716345358356642
1448,0.7580266517775145
1449,0.5978146025371663
1450,0.42813396591306796
1451,0.2998800550048421
1452,0.27164742120453245
1453,0.34583311071048
1454,0.45610115743024626
1455,0.5314321479864154
1456,0.537855724836301
1457,0.4793081406555082
1458,0.3794397620391795
1459,0.2666116220164896
1460,0.1871694896867343
1461,0.20109669983761919
1462,0.3354435455387693
1463,0.5471826777025529
1464,0.7434040480367242
1465,0.8500452418186069
1466,0.8457683650352165
1467,0.7515232137879706
1468,0.6075612032289779
1469,0.47637879875360434
1470,0.43176303035235397
1471,0.5098395202670191
1472,0.6724392338301697
1473,0.827627178287969
1474,0.9014539462921203
1475,0.8716345358356642
1476,0.7580266517775145
1477,0.5978146025371663
1478,0.42813396591306796
1479,0.2998800550048421
1480,0.27164742120453245
1481,0.34583311071048
1482,0.45610115743024626
1483,0.5314321479864154
1484,0.537855724836301
1485,0.4793081406555082
1486,0.3794397620391795
1487,0.2666116220164896
1488,0.1871694896867343
1489,0.20109669983761919
1490,0.3354435455387693
1491,0.5471826777025529
1492,0.7434040480367242
1493,0.8500452418186069
1494,0.8457683650352165
1495,0.7515232137879706
1496,0.6075612032289779
1497,0.47637879875360434
1498,0.43176303035235397
1499,0.5098395202670191
1500,0.6724392338301697
1501,0.827627178287969
1502,0.9014539462921203
1503,0.8716345358356642
1504,0.7580266517775145
1505,0.5978146025371663
1506,0.42813396591306796
1507,0.2998800550048421
1508,0.27164742120453245
1509,0.34583311071048
1510,0.45610115743024626
1511,0.5314321479864154
1512,0.537855724836301
1513,0.4793081406555082
1514,0.3794397620391795
1515,0.2666116220164896
1516,0.1871694896867343
1517,0.20109669983761919
1518,0.3354435455387693
1519,0.5471826777025529
1520,0.7434040480367242
1521,0.8500452418186069
1522,0.8457683650352165
1523,0.7515232137879706
1524,0.6075612032289779
1525,0.47637879875360434
1526,0.43176303035235397
1527,0.5098395202670191
1528,0.6724392338301697
1529,0.827627178287969
1530,0.9014539462921203
1531,0.8716345358356642
1532,0.7580266517775145
1533,0.5978146025371663
1534,0.42813396591306796
1535,0.2998800550048421
1536,0.27164742120453245
1537,0.34583311071048
1538,0.45610115743024626
1539,0.5314321479864154
1540,0.537855724836301
1541,0.4793081406555082
1542,0.3794397620391795
1543,0.2666116220164896
1544,0.1871694896867343
1545,0.20109669983761919
1546,0.3354435455387693
1547,0.5471826777025529
1548,0.7434040480367242
1549,0.8500452418186069
1550,0.8457683650352165
1551,0.7515232137879706
1552,0.6075612032289779
1553,0.47637879875360434
1554,0.43176303035235397
1555,0.5098395202670191
1556,0.6724392338301697
1557,0.827627178287969
1558,0.9014539462921203
1559,0.8716345358356642
1560,0.7580266517775145
1561,0.5978146025371663
1562,0.42813396591306796
1563,0.2998800550048421
1564,0.27164742120453245
1565,0.34583311071048
1566,0.45610115743024626
1567,0.5314321479864154
1568,0.537855724836301
1569,0.4793081406555082
1570,0.3794397620391795
1571,0.2666116220164896
1572,0.1871694896867343
1573,0.20109669983761919
1574,0.3354435455387693
1575,0.5471826777025529
1576,0.7434040480367242
1577,0.8500452418186069
1578,0.8457683650352165
1579,0.7515232137879706
1580,0.6075612032289779
1581,0.47637879875360434
1582,0.43176303035235397
1583,0.5098395202670191
1584,0.6724392338301697
1585,0.827627178287969
1586,0.9014539462921203
1587,0.8716345358356642
1588,0.7580266517775145
1589,0.5978146025371663
1590,0.42813396591306796
1591,0.2998800550048421
1592,0.27164742120453245
1593,0.34583311071048
1594,0.45610115743024626
1595,0.5314321479864154
1596,0.537855724836301
1597,0.4793081406555082
1598,0.3794397620391795
1599,0.2666116220164896
1600,0.1871694896867343
1601,0.20109669983761919
1602,0.3354435455387693
1603,0.5471826777025529
1604,0.7434040480367242
1605,0.8500452418186069
1606,0.8457683650352165
1607,0.7515232137879706
1608,0.6075612032289779
1609,0.47637879875360434
1610,0.43176303035235397
1611,0.5098395202670191
1612,0.6724392338301697
1613,0.827627178287969
1614,0.9014539462921203
1615,0.8716345358356642
1616,0.7580266517775145
1617,0.5978146025371663
1618,0.42813396591306796
1619,0.2998800550048421
1620,0.27164742120453245
1621,0.34583311071048
1622,0.45610115743024626
1623,0.5314321479864154
1624,0.537855724836301
1625,0.4793081406555082
1626,0.3794397620391795
1627,0.2666116220164896
1628,0.1871694896867343
1629,0.20109669983761919
1630,0.3354435455387693
1631,0.5471826777025529
1632,0.7434040480367242
1633,0.8500452418186069
1634,0.8457683650352165
1635,0.7515232137879706
1636,0.6054887606303281
1637,0.4435765507592959
1638,0.29083148050952723
1639,0.1598436170468654
1640,0.054609360898862036
1641,-0.026301426415100915
1642,-0.08600550831195175
1643,-0.12836546416433592
1644,-0.15682322437998297
1645,-0.17419651199876363
1646,-0.18276930990439078
1647,-0.18422568960058316
1648,-0.1805478735693994
1649,-0.17320947929297037
1650,-0.07726599926845013
1651,-0.07726599926845013
1652,-0.07726599926845013
1653,-0.07726599926845013
1654,-0.07726599926845013
1655,-0.07726599926845013
1656,-0.07726599926845013
1657,-0.07726599926845013
1658,-0.07519355666980021
1659,-0.044463751274141705
1660,0.06366555057437667
1661,0.27272990395170355
1662,0.5405638736628574
1663,0.7766626054346196
1664,0.9101934553356219
1665,0.9227340007315499
1666,0.8375838768890472
1667,0.6947451152674798
1668,0.5336372765490085
1669,0.4068397453369751
1670,0.37492929550548154
1671,0.44177659073500025
1672,0.5425873692959367
1673,0.6071604776077131
1674,0.6024642576583847
1675,0.5331436118906888
1676,0.4233358533474889
1677,0.30169185341282945
1678,0.21468548937169774
1679,0.22207520608192555
1680,0.3511409254589479
1681,0.5589350358993637
1682,0.7520733665480515
1683,0.8563518809764531
1684,0.8502964916447886
1685,0.7547344307125099
1686,0.6098120538189711
1687,0.4779391444994498
1688,0.4326024223652326
1689,0.5101805078837792
1690,0.6724392338301697
1691,0.827627178287969
1692,0.9014539462921203
1693,0.8716345358356642
1694,0.7580266517775145
1695,0.5978146025371663
1696,0.42813396591306796
1697,0.2998800550048421
1698,0.27164742120453245
1699,0.34583311071048
1700,0.45610115743024626
1701,0.5314321479864154
1702,0.537855724836301
1703,0.4793081406555082
1704,0.3794397620391795
1705,0.2666116220164896
1706,0.1871694896867343
1707,0.20109669983761919
1708,0.3354435455387693
1709,0.5471826777025529
1710,0.7434040480367242
1711,0.8500452418186069
1712,0.8457683650352165
1713,0.7515232137879706
1714,0.6075612032289779
1715,0.47637879875360434
1716,0.43176303035235397
1717,0.5098395202670191
1718,0.6724392338301697
1719,0.827627178287969
1720,0.9014539462921203
1721,0.8716345358356642
1722,0.7580266517775145
1723,0.5978146025371663
1724,0.42813396591306796
1725,0.2998800550048421
1726,0.27164742120453245
1727,0.34583311071048
1728,0.45610115743024626
1729,0.5314321479864154
1730,0.537855724836301
1731,0.4793081406555082
1732,0.3794397620391795
1733,0.2666116220164896
1734,0.1871694896867343
1735,0.20109669983761919
1736,0.3354435455387693
1737,0.5471826777025529
1738,0.7434040480367242
1739,0.8500452418186069
1740,0.8457683650352165
1741,0.7515232137879706
1742,0.6075612032289779
1743,0.47637879875360434
1744,0.43176303035235397
1745,0.5098395202670191
1746,0.6724392338301697
1747,0.827627178287969
1748,0.9014539462921203
1749,0.8716345358356642
1750,0.7580266517775145
1751,0.5978146025371663
1752,0.42813396591306796
1753,0.2998800550048421
1754,0.27164742120453245
1755,0.34583311071048
1756,0.45610115743024626
1757,0.5314321479864154
1758,0.537855724836301
1759,0.4793081406555082
1760,0.3794397620391795
1761,0.2666116220164896
1762,0.1871694896867343
1763,0.20109669983761919
1764,0.3354435455387693
1765,0.5471826777025529
1766,0.7434040480367242
1767,0.8500452418186069
1768,0.8457683650352165
1769,0.7515232137879706
1770,0.6075612032289779
1771,0.47637879875360434
1772,0.43176303035235397
1773,0.5098395202670191
1774,0.6724392338301697
1775,0.827627178287969
1776,0.9014539462921203
1777,0.8716345358356642
1778,0.7580266517775145
1779,0.5978146025371663
1780,0.42813396591306796
1781,0.2998800550048421
1782,0.27164742120453245
1783,0.34583311071048
1784,0.45610115743024626
1785,0.5314321479864154
1786,0.537855724836301
1787,0.4793081406555082
1788,0.3794397620391795
1789,0.2666116220164896
1790,0.1871694896867343
1791,0.20109669983761919
1792,0.3354435455387693
1793,0.5471826777025529
1794,0.7434040480367242
1795,0.8500452418186069
1796,0.8457683650352165
1797,0.7515232137879706
1798,0.6075612032289779
1799,0.47637879875360434
1800,0.43176303035235397
1801,0.5098395202670191
1802,0.6724392338301697
1803,0.827627178287969
1804,0.9014539462921203
1805,0.8716345358356642
1806,0.7580266517775145
1807,0.5978146025371663
1808,0.42813396591306796
1809,0.2998800550048421
1810,0.27164742120453245
1811,0.34583311071048
1812,0.45610115743024626
1813,0.5314321479864154
1814,0.537855724836301
1815,0.4793081406555082
1816,0.3794397620391795
1817,0.2666116220164896
1818,0.1871694896867343
1819,0.20109669983761919
1820,0.3354435455387693
1821,0.5471826777025529
1822,0.7434040480367242
1823,0.8500452418186069
1824,0.8457683650352165
1825,0.7515232137879706
1826,0.6075612032289779
1827,0.47637879875360434
1828,0.43176303035235397
1829,0.5098395202670191
1830,0.6724392338301697
1831,0.827627178287969
1832,0.9014539462921203
1833,0.8716345358356642
1834,0.7580266517775145
1835,0.5978146025371663
1836,0.42813396591306796
1837,0.2998800550048421
1838,0.27164742120453245
1839,0.34583311071048
1840,0.45610115743024626
1841,0.5314321479864154
1842,0.537855724836301
1843,0.4793081406555082
1844,0.3794397620391795
1845,0.2666116220164896
1846,0.1871694896867343
1847,0.20109669983761919
1848,0.3354435455387693
1849,0.5471826777025529
1850,0.7434040480367242
1851,0.8500452418186069
1852,0.8457683650352165
1853,0.7515232137879706
1854,0.6075612032289779
1855,0.47637879875360434
1856,0.43176303035235397
1857,0.5098395202670191
1858,0.6724392338301697
1859,0.827627178287969
1860,0.9014539462921203
1861,0.8716345358356642
1862,0.7580266517775145
1863,0.5978146025371663
1864,0.42813396591306796
1865,0.2998800550048421
1866,0.27164742120453245
1867,0.34583311071048
1868,0.45610115743024626
1869,0.5314321479864154
1870,0.537855724836301
1871,0.4793081406555082
1872,0.3794397620391795
1873,0.2666116220164896
1874,0.1871694896867343
1875,0.20109669983761919
1876,0.3354435455387693
1877,0.5471826777025529
1878,0.7434040480367242
1879,0.8500452418186069
1880,0.8457683650352165
1881,0.7515232137879706
1882,0.6075612032289779
1883,0.47637879875360434
1884,0.43176303035235397
1885,0.5098395202670191
1886,0.6724392338301697
1887,0.827627178287969
1888,0.9014539462921203
1889,0.8716345358356642
1890,0.7580266517775145
1891,0.5978146025371663
1892,0.42813396591306796
1893,0.2998800550048421
1894,0.27164742120453245
1895,0.34583311071048
1896,0.45610115743024626
1897,0.5314321479864154
1898,0.537855724836301
1899,0.4793081406555082
1900,0.3794397620391795
1901,0.2666116220164896
1902,0.1871694896867343
1903,0.20109669983761919
1904,0.3354435455387693
1905,0.5471826777025529
1906,0.7434040480367242
1907,0.8500452418186069
1908,0.8457683650352165
1909,0.7515232137879706
1910,0.6075612032289779
1911,0.47637879875360434
1912,0.43176303035235397
1913,0.5098395202670191
1914,0.6724392338301697
1915,0.827627178287969
1916,0.9014539462921203
1917,0.8716345358356642
1918,0.7580266517775145
1919,0.5978146025371663
1920,0.42813396591306796
1921,0.2998800550048421
1922,0.27164742120453245
1923,0.34583311071048
1924,0.45610115743024626
1925,0.5314321479864154
1926,0.537855724836301
1927,0.4793081406555082
1928,0.3794397620391795
1929,0.2666116220164896
1930,0.1871694896867343
1931,0.20109669983761919
1932,0.3354435455387693
1933,0.5471826777025529
1934,0.7434040480367242
1935,0.8500452418186069
1936,0.8457683650352165
1937,0.7515232137879706
1938,0.6075612032289779
1939,0.47637879875360434
1940,0.43176303035235397
1941,0.5098395202670191
1942,0.6724392338301697
1943,0.827627178287969
1944,0.9014539462921203
1945,0.8716345358356642
1946,0.7580266517775145
1947,0.5978146025371663
1948,0.42813396591306796
1949,0.2998800550048421
1950,0.27164742120453245
1951,0.34583311071048
1952,0.45610115743024626
1953,0.5314321479864154
1954,0.537855724836301
1955,0.4793081406555082
1956,0.3794397620391795
1957,0.2666116220164896
1958,0.1871694896867343
1959,0.20109669983761919
1960,0.3354435455387693
1961,0.5471826777025529
1962,0.7434040480367242
1963,0.8500452418186069
1964,0.8457683650352165
1965,0.7515232137879706
1966,0.6054887606303281
1967,0.4435765507592959
1968,0.29083148050952723
1969,0.1598436170468654
1970,0.054609360898862036
1971,-0.026301426415100915
1972,-0.08600550831195175
1973,-0.12836546416433592
1974,-0.15682322437998297
1975,-0.17419651199876363
1976,-0.18276930990439078
1977,-0.18422568960058316
1978,-0.1805478735693994
1979,-0.17320947929297037
1980,-0.07726599926845013
1981,-0.07726599926845013
1982,-0.07726599926845013
1983,-0.07726599926845013
1984,-0.07726599926845013
1985,-0.07726599926845013
1986,-0.07726599926845013
1987,-0.07726599926845013
1988,-0.07519355666980021
1989,-0.044463751274141705
1990,0.06366555057437667
1991,0.27272990395170355
1992,0.5405638736628574
1993,0.7766626054346196
1994,0.9101934553356219
1995,0.9227340007315499
1996,0.8375838768890472
1997,0.6947451152674798
1998,0.5336372765490085
1999,0.4068397453369751
2000,0.37492929550548154
2001,0.44177659073500025
2002,0.5425873692959367
2003,0.6071604776077131
2004,0.6024642576583847
2005,0.5331436118906888
2006,0.4233358533474889
2007,0.30169185341282945
2008,0.21468548937169774
2009,0.22207520608192555
2010,0.3511409254589479
2011,0.5589350358993637
2012,0.7520733665480515
2013,0.8563518809764531
2014,0.8502964916447886
2015,0.7547344307125099
2016,0.6098120538189711
2017,0.4779391444994498
2018,0.4326024223652326
2019,0.5101805078837792
2020,0.6724392338301697
2021,0.827627178287969
2022,0.9014539462921203
2023,0.8716345358356642
2024,0.7580266517775145
2025,0.5978146025371663
2026,0.42813396591306796
2027,0.2998800550048421
2028,0.27164742120453245
2029,0.34583311071048
2030,0.45610115743024626
2031,0.5314321479864154
2032,0.537855724836301
2033,0.4793081406555082
2034,0.3794397620391795
2035,0.2666116220164896
2036,0.1871694896867343
2037,0.20109669983761919
2038,0.3354435455387693
2039,0.5471826777025529
2040,0.7434040480367242
2041,0.8500452418186069
2042,0.8457683650352165
2043,0.7515232137879706
2044,0.6075612032289779
2045,0.47637879875360434
2046,0.43176303035235397
2047,0.5098395202670191
2048,0.6724392338301697
2049,0.827627178287969
2050,0.9014539462921203
2051,0.8716345358356642
2052,0.7580266517775145
2053,0.5978146025371663
2054,0.42813396591306796
2055,0.2998800550048421
2056,0.27164742120453245
2057,0.34583311071048
2058,0.45610115743024626
2059,0.5314321479864154
2060,0.537855724836301
2061,0.4793081406555082
2062,0.3794397620391795
2063,0.2666116220164896
2064,0.1871694896867343
2065,0.20109669983761919
2066,0.3354435455387693
2067,0.5471826777025529
2068,0.7434040480367242
2069,0.8500452418186069
2070,0.8457683650352165
2071,0.7515232137879706
2072,0.6075612032289779
2073,0.47637879875360434
2074,0.43176303035235397
2075,0.5098395202670191
2076,0.6724392338301697
2077,0.827627178287969
2078,0.9014539462921203
2079,0.8716345358356642
2080,0.7580266517775145
2081,0.5978146025371663
2082,0.42813396591306796
2083,0.2998800550048421
2084,0.27164742120453245
2085,0.34583311071048
2086,0.45610115743024626
2087,0.5314321479864154
2088,0.537855724836301
2089,0.4793081406555082
2090,0.3794397620391795
2091,0.2666116220164896
2092,0.1871694896867343
2093,0.20109669983761919
2094,0.3354435455387693
2095,0.5471826777025529
2096,0.7434040480367242
2097,0.8500452418186069
2098,0.8457683650352165
2099,0.7515232137879706
2100,0.6075612032289779
2101,0.47637879875360434
2102,0.43176303035235397
2103,0.5098395202670191
2104,0.6724392338301697
2105,0.827627178287969
2106,0.9014539462921203
2107,0.8716345358356642
2108,0.7580266517775145
2109,0.5978146025371663
2110,0.42813396591306796
2111,0.2998800550048421
2112,0.27164742120453245
2113,0.34583311071048
2114,0.45610115743024626
2115,0.5314321479864154
2116,0.537855724836301
2117,0.4793081406555082
2118,0.3794397620391795
2119,0.2666116220164896
2120,0.1871694896867343
2121,0.20109669983761919
2122,0.3354435455387693
2123,0.5471826777025529
2124,0.7434040480367242
2125,0.8500452418186069
2126,0.8457683650352165
2127,0.7515232137879706
2128,0.6075612032289779
2129,0.47637879875360434
2130,0.43176303035235397
2131,0.5098395202670191
2132,0.6724392338301697
2133,0.827627178287969
2134,0.9014539462921203
2135,0.8716345358356642
2136,0.7580266517775145
2137,0.5978146025371663
2138,0.42813396591306796
2139,0.2998800550048421
2140,0.27164742120453245
2141,0.34583311071048
2142,0.45610115743024626
2143,0.5314321479864154
2144,0.537855724836301
2145,0.4793081406555082
2146,0.3794397620391795
2147,0.2666116220164896
2148,0.1871694896867343
2149,0.20109669983761919
2150,0.3354435455387693
2151,0.5471826777025529
2152,0.7434040480367242
2153,0.8500452418186069
2154,0.8457683650352165
2155,0.7515232137879706
2156,0.6075612032289779
2157,0.47637879875360434
2158,0.43176303035235397
2159,0.5098395202670191
2160,0.6724392338301697
2161,0.827627178287969
2162,0.9014539462921203
2163,0.8716345358356642
2164,0.7580266517775145
2165,0.5978146025371663
2166,0.42813396591306796
2167,0.2998800550048421
2168,0.27164742120453245
2169,0.34583311071048
2170,0.45610115743024626
2171,0.5314321479864154
2172,0.537855724836301
2173,0.4793081406555082
2174,0.3794397620391795
2175,0.2666116220164896
2176,0.1871694896867343
2177,0.20109669983761919
2178,0.3354435455387693
2179,0.5471826777025529
2180,0.7434040480367242
2181,0.8500452418186069
2182,0.8457683650352165
2183,0.7515232137879706
2184,0.6075612032289779
2185,0.47637879875360434
2186,0.43176303035235397
2187,0.5098395202670191
2188,0.6724392338301697
2189,0.827627178287969
2190,0.9014539462921203
2191,0.8716345358356642
2192,0.7580266517775145
2193,0.5978146025371663
2194,0.42813396591306796
2195,0.2998800550048421
2196,0.27164742120453245
2197,0.34583311071048
2198,0.45610115743024626
2199,0.5314321479864154
2200,0.537855724836301
2201,0.4793081406555082
2202,0.3794397620391795
2203,0.2666116220164896
2204,0.1871694896867343
2205,0.20109669983761919
2206,0.3354435455387693
2207,0.5471826777025529
2208,0.7434040480367242
2209,0.8500452418186069
2210,0.8457683650352165
2211,0.7515232137879706
2212,0.6075612032289779
2213,0.47637879875360434
2214,0.43176303035235397
2215,0.5098395202670191
2216,0.6724392338301697
2217,0.827627178287969
2218,0.9014539462921203
2219,0.8716345358356642
2220,0.7580266517775145
2221,0.5978146025371663
2222,0.42813396591306796
2223,0.2998800550048421
2224,0.27164742120453245
2225,0.34583311071048
2226,0.45610115743024626
2227,0.5314321479864154
2228,0.537855724836301
2229,0.4793081406555082
2230,0.3794397620391795
2231,0.2666116220164896
2232,0.1871694896867343
2233,0.20109669983761919
2234,0.3354435455387693
2235,0.5471826777025529
2236,0.7434040480367242
2237,0.8500452418186069
2238,0.8457683650352165
2239,0.7515232137879706
2240,0.6075612032289779
2241,0.47637879875360434
2242,0.43176303035235397
2243,0.5098395202670191
2244,0.6724392338301697
2245,0.827627178287969
2246,0.9014539462921203
2247,0.8716345358356642
2248,0.7580266517775145
2249,0.5978146025371663
2250,0.42813396591306796
2251,0.2998800550048421
2252,0.27164742120453245
2253,0.34583311071048
2254,0.45610115743024626
2255,0.5314321479864154
2256,0.537855724836301
2257,0.4793081406555082
2258,0.3794397620391795
2259,0.2666116220164896
2260,0.1871694896867343
2261,0.20109669983761919
2262,0.3354435455387693
2263,0.5471826777025529
2264,0.7434040480367242
2265,0.8500452418186069
2266,0.8457683650352165
2267,0.7515232137879706
2268,0.6075612032289779
2269,0.47637879875360434
2270,0.43176303035235397
2271,0.5098395202670191
2272,0.6724392338301697
2273,0.827627178287969
2274,0.9014539462921203
2275,0.8716345358356642
2276,0.7580266517775145
2277,0.5978146025371663
2278,0.42813396591306796
2279,0.2998800550048421
2280,0.27164742120453245
2281,0.34583311071048
2282,0.45610115743024626
2283,0.5314321479864154
2284,0.537855724836301
2285,0.4793081406555082
2286,0.3794397620391795
2287,0.2666116220164896
2288,0.1871694896867343
2289,0.20109669983761919
2290,0.3354435455387693
2291,0.5471826777025529
2292,0.7434040480367242
2293,0.8500452418186069
2294,0.8457683650352165
2295,0.7515232137879706
2296,0.6054887606303281
2297,0.4435765507592959
2298,0.29083148050952723
2299,0.1598436170468654
2300,0.054609360898862036
2301,-0.026301426415100915
2302,-0.08600550831195175
2303,-0.12836546416433592
2304,-0.15682322437998297
2305,-0.17419651199876363
2306,-0.18276930990439078
2307,-0.18422568960058316
2308,-0.1805478735693994
2309,-0.17320947929297037
2310,-0.07726599926845013
2311,-0.07726599926845013
2312,-0.07726599926845013
2313,-0.07726599926845013
2314,-0.07726599926845013
2315,-0.07726599926845013
2316,-0.07726599926845013
2317,-0.07726599926845013
2318,-0.07519355666980021
2319,-0.044463751274141705
2320,0.06366555057437667
2321,0.27272990395170355
2322,0.5405638736628574
2323,0.7766626054346196
2324,0.9101934553356219
2325,0.9227340007315499
2326,0.8375838768890472
2327,0.6947451152674798
2328,0.5336372765490085
2329,0.4068397453369751
2330,0.37492929550548154
2331,0.44177659073500025
2332,0.5425873692959367
2333,0.6071604776077131
2334,0.6024642576583847
2335,0.5331436118906888
2336,0.4233358533474889
2337,0.30169185341282945
2338,0.21468548937169774
2339,0.22207520608192555
2340,0.3511409254589479
2341,0.5589350358993637
2342,0.7520733665480515
2343,0.8563518809764531
2344,0.8502964916447886
2345,0.7547344307125099
2346,0.6098120538189711
2347,0.4779391444994498
2348,0.4326024223652326
2349,0.5101805078837792
2350,0.6724392338301697
2351,0.827627178287969
2352,0.9014539462921203
2353,0.8716345358356642
2354,0.7580266517775145
2355,0.5978146025371663
2356,0.42813396591306796
2357,0.2998800550048421
2358,0.27164742120453245
2359,0.34583311071048
2360,0.45610115743024626
2361,0.5314321479864154
2362,0.537855724836301
2363,0.4793081406555082
2364,0.3794397620391795
2365,0.2666116220164896
2366,0.1871694896867343
2367,0.20109669983761919
2368,0.3354435455387693
2369,0.5471826777025529
2370,0.7434040480367242
2371,0.8500452418186069
2372,0.8457683650352165
2373,0.7515232137879706
2374,0.6075612032289779
2375,0.47637879875360434
2376,0.43176303035235397
2377,0.5098395202670191
2378,0.6724392338301697
2379,0.827627178287969
2380,0.9014539462921203
2381,0.8716345358356642
2382,0.7580266517775145
2383,0.5978146025371663
2384,0.42813396591306796
2385,0.2998800550048421
2386,0.27164742120453245
2387,0.34583311071048
2388,0.45610115743024626
2389,0.5314321479864154
2390,0.537855724836301
2391,0.4793081406555082
2392,0.3794397620391795
2393,0.2666116220164896
2394,0.1871694896867343
2395,0.20109669983761919
2396,0.3354435455387693
2397,0.5471826777025529
2398,0.7434040480367242
2399,0.8500452418186069
2400,0.8457683650352165
2401,0.7515232137879706
2402,0.6075612032289779
2403,0.47637879875360434
2404,0.43176303035235397
2405,0.5098395202670191
2406,0.6724392338301697
2407,0.827627178287969
2408,0.9014539462921203
2409,0.8716345358356642
2410,0.7580266517775145
2411,0.5978146025371663
2412,0.42813396591306796
2413,0.2998800550048421
2414,0.27164742120453245
2415,0.34583311071048
2416,0.45610115743024626
2417,0.5314321479864154
2418,0.537855724836301
2419,0.4793081406555082
2420,0.3794397620391795
2421,0.2666116220164896
2422,0.1871694896867343
2423,0.20109669983761919
2424,0.3354435455387693
2425,0.5471826777025529
2426,0.7434040480367242
2427,0.8500452418186069
2428,0.8457683650352165
2429,0.7515232137879706
2430,0.6075612032289779
2431,0.47637879875360434
2432,0.43176303035235397
2433,0.5098395202670191
2434,0.6724392338301697
2435,0.827627178287969
2436,0.9014539462921203
2437,0.8716345358356642
2438,0.7580266517775145
2439,0.5978146025371663
2440,0.42813396591306796
2441,0.2998800550048421
2442,0.27164742120453245
2443,0.34583311071048
2444,0.45610115743024626
2445,0.5314321479864154
2446,0.537855724836301
2447,0.4793081406555082
2448,0.3794397620391795
2449,0.2666116220164896
2450,0.1871694896867343
2451,0.20109669983761919
2452,0.3354435455387693
2453,0.5471826777025529
2454,0.7434040480367242
2455,0.8500452418186069
2456,0.8457683650352165
2457,0.7515232137879706
2458,0.6075612032289779
2459,0.47637879875360434
2460,0.43176303035235397
2461,0.5098395202670191
2462,0.6724392338301697
2463,0.827627178287969
2464,0.9014539462921203
2465,0.8716345358356642
2466,0.7580266517775145
2467,0.5978146025371663
2468,0.42813396591306796
2469,0.2998800550048421
2470,0.27164742120453245
2471,0.34583311071048
2472,0.45610115743024626
2473,0.5314321479864154
2474,0.537855724836301
2475,0.4793081406555082
2476,0.3794397620391795
2477,0.2666116220164896
2478,0.1871694896867343
2479,0.20109669983761919
2480,0.3354435455387693
2481,0.5471826777025529
2482,0.7434040480367242
2483,0.8500452418186069
2484,0.8457683650352165
2485,0.7515232137879706
2486,0.6075612032289779
2487,0.47637879875360434
2488,0.43176303035235397
2489,0.5098395202670191
2490,0.6724392338301697
2491,0.827627178287969
2492,0.9014539462921203
2493,0.8716345358356642
2494,0.7580266517775145
2495,0.5978146025371663
2496,0.42813396591306796
2497,0.2998800550048421
2498,0.27164742120453245
2499,0.34583311071048
2500,0.45610115743024626
2501,0.5314321479864154
2502,0.537855724836301
2503,0.4793081406555082
2504,0.3794397620391795
2505,0.2666116220164896
2506,0.1871694896867343
2507,0.20109669983761919
2508,0.3354435455387693
2509,0.5471826777025529
2510,0.7434040480367242
2511,0.8500452418186069
2512,0.8457683650352165
2513,0.7515232137879706
2514,0.6075612032289779
2515,0.47637879875360434
2516,0.43176303035235397
2517,0.5098395202670191
2518,0.6724392338301697
2519,0.827627178287969
2520,0.9014539462921203
2521,0.8716345358356642
2522,0.7580266517775145
2523,0.5978146025371663
2524,0.42813396591306796
2525,0.2998800550048421
2526,0.27164742120453245
2527,0.34583311071048
2528,0.45610115743024626
2529,0.5314321479864154
2530,0.537855724836301
2531,0.4793081406555082
2532,0.3794397620391795
2533,0.2666116220164896
2534,0.1871694896867343
2535,0.20109669983761919
2536,0.3354435455387693
2537,0.5471826777025529
2538,0.7434040480367242
2539,0.8500452418186069
2540,0.8457683650352165
2541,0.7515232137879706
2542,0.6075612032289779
2543,0.47637879875360434
2544,0.43176303035235397
2545,0.5098395202670191
2546,0.6724392338301697
2547,0.827627178287969
2548,0.9014539462921203
2549,0.8716345358356642
2550,0.7580266517775145
2551,0.5978146025371663
2552,0.42813396591306796
2553,0.2998800550048421
2554,0.27164742120453245
2555,0.34583311071048
2556,0.45610115743024626
2557,0.5314321479864154
2558,0.537855724836301
2559,0.4793081406555082
2560,0.3794397620391795
2561,0.2666116220164896
2562,0.1871694896867343
2563,0.20109669983761919
2564,0.3354435455387693
2565,0.5471826777025529
2566,0.7434040480367242
2567,0.8500452418186069
2568,0.8457683650352165
2569,0.7515232137879706
2570,0.6075612032289779
2571,0.47637879875360434
2572,0.43176303035235397
2573,0.5098395202670191
2574,0.6724392338301697
2575,0.827627178287969
2576,0.9014539462921203
2577,0.8716345358356642
2578,0.7580266517775145
2579,0.5978146025371663
2580,0.42813396591306796
2581,0.2998800550048421
2582,0.27164742120453245
2583,0.34583311071048
2584,0.45610115743024626
2585,0.5314321479864154
2586,0.537855724836301
2587,0.4793081406555082
2588,0.3794397620391795
2589,0.2666116220164896
2590,0.1871694896867343
2591,0.20109669983761919
2592,0.3354435455387693
2593,0.5471826777025529
2594,0.7434040480367242
2595,0.8500452418186069
2596,0.8457683650352165
2597,0.7515232137879706
2598,0.6075612032289779
2599,0.47637879875360434
2600,0.43176303035235397
2601,0.5098395202670191
2602,0.6724392338301697
2603,0.827627178287969
2604,0.9014539462921203
2605,0.8716345358356642
2606,0.7580266517775145
2607,0.5978146025371663
2608,0.42813396591306796
2609,0.2998800550048421
2610,0.27164742120453245
2611,0.34583311071048
2612,0.45610115743024626
2613,0.5314321479864154
2614,0.537855724836301
2615,0.4793081406555082
2616,0.3794397620391795
2617,0.2666116220164896
2618,0.1871694896867343
2619,0.20109669983761919
2620,0.3354435455387693
2621,0.5471826777025529
2622,0.7434040480367242
2623,0.8500452418186069
2624,0.8457683650352165
2625,0.7515232137879706
2626,0.6054887606303281
2627,0.4435765507592959
2628,0.29083148050952723
2629,0.1598436170468654
2630,0.054609360898862036
2631,-0.026301426415100915
2632,-0.08600550831195175
2633,-0.12836546416433592
2634,-0.15682322437998297
2635,-0.17419651199876363
2636,-0.18276930990439078
2637,-0.18422568960058316
2638,-0.1805478735693994
2639,-0.17320947929297037
2640,-0.07726599926845013
2641,-0.07726599926845013
2642,-0.07726599926845013
2643,-0.07726599926845013
2644,-0.07726599926845013
2645,-0.07726599926845013
2646,-0.07726599926845013
2647,-0.07726599926845013
2648,-0.07519355666980021
2649,-0.044463751274141705
2650,0.06366555057437667
2651,0.27272990395170355
2652,0.5405638736628574
2653,0.7766626054346196
2654,0.9101934553356219
2655,0.9227340007315499
2656,0.8375838768890472
2657,0.6947451152674798
2658,0.5336372765490085
2659,0.4068397453369751
2660,0.37492929550548154
2661,0.44177659073500025
2662,0.5425873692959367
2663,0.6071604776077131
2664,0.6024642576583847
2665,0.5331436118906888
2666,0.4233358533474889
2667,0.30169185341282945
2668,0.21468548937169774
2669,0.22207520608192555
2670,0.3511409254589479
2671,0.5589350358993637
2672,0.7520733665480515
2673,0.8563518809764531
2674,0.8502964916447886
2675,0.7547344307125099
2676,0.6098120538189711
2677,0.4779391444994498
2678,0.4326024223652326
2679,0.5101805078837792
2680,0.6724392338301697
2681,0.827627178287969
2682,0.9014539462921203
2683,0.8716345358356642
2684,0.7580266517775145
2685,0.5978146025371663
2686,0.42813396591306796
2687,0.2998800550048421
2688,0.27164742120453245
2689,0.34583311071048
2690,0.45610115743024626
2691,0.5314321479864154
2692,0.537855724836301
2693,0.4793081406555082
2694,0.3794397620391795
2695,0.2666116220164896
2696,0.1871694896867343
2697,0.20109669983761919
2698,0.3354435455387693
2699,0.5471826777025529
2700,0.7434040480367242
2701,0.8500452418186069
2702,0.8457683650352165
2703,0.7515232137879706
2704,0.6075612032289779
2705,0.47637879875360434
2706,0.43176303035235397
2707,0.5098395202670191
2708,0.6724392338301697
2709,0.827627178287969
2710,0.9014539462921203
2711,0.8716345358356642
2712,0.7580266517775145
2713,0.5978146025371663
2714,0.42813396591306796
2715,0.2998800550048421
2716,0.27164742120453245
2717,0.34583311071048
2718,0.45610115743024626
2719,0.5314321479864154
2720,0.537855724836301
2721,0.4793081406555082
2722,0.3794397620391795
2723,0.2666116220164896
2724,0.1871694896867343
2725,0.20109669983761919
2726,0.3354435455387693
2727,0.5471826777025529
2728,0.7434040480367242
2729,0.8500452418186069
2730,0.8457683650352165
2731,0.7515232137879706
2732,0.6075612032289779
2733,0.47637879875360434
2734,0.43176303035235397
2735,0.5098395202670191
2736,0.6724392338301697
2737,0.827627178287969
2738,0.9014539462921203
2739,0.8716345358356642
2740,0.7580266517775145
2741,0.5978146025371663
2742,0.42813396591306796
2743,0.2998800550048421
2744,0.27164742120453245
2745,0.34583311071048
2746,0.45610115743024626
2747,0.5314321479864154
2748,0.537855724836301
2749,0.4793081406555082
2750,0.3794397620391795
2751,0.2666116220164896
2752,0.1871694896867343
2753,0.20109669983761919
2754,0.3354435455387693
2755,0.5471826777025529
2756,0.7434040480367242
2757,0.8500452418186069
2758,0.8457683650352165
2759,0.7515232137879706
2760,0.6075612032289779
2761,0.47637879875360434
2762,0.43176303035235397
2763,0.5098395202670191
2764,0.6724392338301697
2765,0.827627178287969
2766,0.9014539462921203
2767,0.8716345358356642
2768,0.7580266517775145
2769,0.5978146025371663
2770,0.42813396591306796
2771,0.2998800550048421
2772,0.27164742120453245
2773,0.34583311071048
2774,0.45610115743024626
2775,0.5314321479864154
2776,0.537855724836301
2777,0.4793081406555082
2778,0.3794397620391795
2779,0.2666116220164896
2780,0.1871694896867343
2781,0.20109669983761919
2782,0.3354435455387693
2783,0.5471826777025529
2784,0.7434040480367242
2785,0.8500452418186069
2786,0.8457683650352165
2787,0.7515232137879706
2788,0.6075612032289779
2789,0.47637879875360434
2790,0.43176303035235397
2791,0.5098395202670191
2792,0.6724392338301697
2793,0.827627178287969
2794,0.9014539462921203
2795,0.8716345358356642
2796,0.7580266517775145
2797,0.5978146025371663
2798,0.42813396591306796
2799,0.2998800550048421
2800,0.27164742120453245
2801,0.34583311071048
2802,0.45610115743024626
2803,0.5314321479864154
2804,0.537855724836301
2805,0.4793081406555082
2806,0.3794397620391795
2807,0.2666116220164896
2808,0.1871694896867343
2809,0.20109669983761919
2810,0.3354435455387693
2811,0.5471826777025529
2812,0.7434040480367242
2813,0.8500452418186069
2814,0.8457683650352165
2815,0.7515232137879706
2816,0.6075612032289779
2817,0.47637879875360434
2818,0.43176303035235397
2819,0.5098395202670191
2820,0.6724392338301697
2821,0.827627178287969
2822,0.9014539462921203
2823,0.8716345358356642
2824,0.7580266517775145
2825,0.5978146025371663
2826,0.42813396591306796
2827,0.2998800550048421
2828,0.27164742120453245
2829,0.34583311071048
2830,0.45610115743024626
2831,0.5314321479864154
2832,0.537855724836301
2833,0.4793081406555082
2834,0.3794397620391795
2835,0.2666116220164896
2836,0.1871694896867343
2837,0.20109669983761919
2838,0.3354435455387693
2839,0.5471826777025529
2840,0.7434040480367242
2841,0.8500452418186069
2842,0.8457683650352165
2843,0.7515232137879706
2844,0.6075612032289779
2845,0.47637879875360434
2846,0.43176303035235397
2847,0.5098395202670191
2848,0.6724392338301697
2849,0.827627178287969
2850,0.9014539462921203
2851,0.8716345358356642
2852,0.7580266517775145
2853,0.5978146025371663
2854,0.42813396591306796
2855,0.2998800550048421
2856,0.27164742120453245
2857,0.34583311071048
2858,0.45610115743024626
2859,0.5314321479864154
2860,0.537855724836301
2861,0.4793081406555082
2862,0.3794397620391795
2863,0.2666116220164896
2864,0.1871694896867343
2865,0.20109669983761919
2866,0.3354435455387693
2867,0.5471826777025529
2868,0.7434040480367242
2869,0.8500452418186069
2870,0.8457683650352165
2871,0.7515232137879706
2872,0.6075612032289779
2873,0.47637879875360434
2874,0.43176303035235397
2875,0.5098395202670191
2876,0.6724392338301697
2877,0.827627178287969
2878,0.9014539462921203
2879,0.8716345358356642
2880,0.7580266517775145
2881,0.5978146025371663
2882,0.42813396591306796
2883,0.2998800550048421
2884,0.27164742120453245
2885,0.34583311071048
2886,0.45610115743024626
2887,0.5314321479864154
2888,0.537855724836301
2889,0.4793081406555082
2890,0.3794397620391795
2891,0.2666116220164896
2892,0.1871694896867343
2893,0.20109669983761919
2894,0.3354435455387693
2895,0.5471826777025529
2896,0.7434040480367242
2897,0.8500452418186069
2898,0.8457683650352165
2899,0.7515232137879706
2900,0.6075612032289779
2901,0.47637879875360434
2902,0.43176303035235397
2903,0.5098395202670191
2904,0.6724392338301697
2905,0.827627178287969
2906,0.9014539462921203
2907,0.8716345358356642
2908,0.7580266517775145
2909,0.5978146025371663
2910,0.42813396591306796
2911,0.2998800550048421
2912,0.27164742120453245
2913,0.34583311071048
2914,0.45610115743024626
2915,0.5314321479864154
2916,0.537855724836301
2917,0.4793081406555082
2918,0.3794397620391795
2919,0.2666116220164896
2920,0.1871694896867343
2921,0.20109669983761919
2922,0.3354435455387693
2923,0.5471826777025529
2924,0.7434040480367242
2925,0.8500452418186069
2926,0.8457683650352165
2927,0.7515232137879706
2928,0.6075612032289779
2929,0.47637879875360434
2930,0.43176303035235397
2931,0.5098395202670191
2932,0.6724392338301697
2933,0.827627178287969
2934,0.9014539462921203
2935,0.8716345358356642
2936,0.7580266517775145
2937,0.5978146025371663
2938,0.42813396591306796
2939,0.2998800550048421
2940,0.27164742120453245
2941,0.34583311071048
2942,0.45610115743024626
2943,0.5314321479864154
2944,0.537855724836301
2945,0.4793081406555082
2946,0.3794397620391795
2947,0.2666116220164896
2948,0.1871694896867343
2949,0.20109669983761919
2950,0.3354435455387693
2951,0.5471826777025529
2952,0.7434040480367242
2953,0.8500452418186069
2954,0.8457683650352165
2955,0.7515232137879706
2956,0.6054887606303281
2957,0.4435765507592959
2958,0.29083148050952723
2959,0.1598436170468654
2960,0.054609360898862036
2961,-0.026301426415100915
2962,-0.08600550831195175
2963,-0.12836546416433592
2964,-0.15682322437998297
2965,-0.17419651199876363
2966,-0.18276930990439078
2967,-0.18422568960058316
2968,-0.1805478735693994
2969,-0.17320947929297037
2970,-0.07726599926845013
2971,-0.07726599926845013
2972,-0.07726599926845013
2973,-0.07726599926845013
2974,-0.07726599926845013
2975,-0.07726599926845013
2976,-0.07726599926845013
2977,-0.07726599926845013
2978,-0.07519355666980021
2979,-0.044463751274141705
2980,0.06366555057437667
2981,0.27272990395170355
2982,0.5405638736628574
2983,0.7766626054346196
2984,0.9101934553356219
2985,0.9227340007315499
2986,0.8375838768890472
2987,0.6947451152674798
2988,0.5336372765490085
2989,0.4068397453369751
2990,0.37492929550548154
2991,0.44177659073500025
2992,0.5425873692959367
2993,0.6071604776077131
2994,0.6024642576583847
2995,0.5331436118906888
2996,0.4233358533474889
2997,0.30169185341282945
2998,0.21468548937169774
2999,0.22207520608192555
3000,0.3511409254589479
3001,0.5589350358993637
3002,0.7520733665480515
3003,0.8563518809764531
3004,0.8502964916447886
3005,0.7547344307125099
3006,0.6098120538189711
3007,0.4779391444994498
3008,0.4326024223652326
3009,0.5101805078837792
3010,0.6724392338301697
3011,0.827627178287969
3012,0.9014539462921203
3013,0.8716345358356642
3014,0.7580266517775145
3015,0.5978146025371663
3016,0.42813396591306796
3017,0.2998800550048421
3018,0.27164742120453245
3019,0.34583311071048
3020,0.45610115743024626
3021,0.5314321479864154
3022,0.537855724836301
3023,0.4793081406555082
3024,0.3794397620391795
3025,0.2666116220164896
3026,0.1871694896867343
3027,0.20109669983761919
3028,0.3354435455387693
3029,0.5471826777025529
3030,0.7434040480367242
3031,0.8500452418186069
3032,0.8457683650352165
3033,0.7515232137879706
3034,0.6075612032289779
3035,0.47637879875360434
3036,0.43176303035235397
3037,0.5098395202670191
3038,0.6724392338301697
3039,0.827627178287969
3040,0.9014539462921203
3041,0.8716345358356642
3042,0.7580266517775145
3043,0.5978146025371663
3044,0.42813396591306796
3045,0.2998800550048421
3046,0.27164742120453245
3047,0.34583311071048
3048,0.45610115743024626
3049,0.5314321479864154
3050,0.537855724836301
3051,0.4793081406555082
3052,0.3794397620391795
3053,0.2666116220164896
3054,0.1871694896867343
3055,0.20109669983761919
3056,0.3354435455387693
3057,0.5471826777025529
3058,0.7434040480367242
3059,0.8500452418186069
3060,0.8457683650352165
3061,0.7515232137879706
3062,0.6075612032289779
3063,0.47637879875360434
3064,0.43176303035235397
3065,0.5098395202670191
3066,0.6724392338301697
3067,0.827627178287969
3068,0.9014539462921203
3069,0.8716345358356642
3070,0.7580266517775145
3071,0.5978146025371663
3072,0.42813396591306796
3073,0.2998800550048421
3074,0.27164742120453245
3075,0.34583311071048
3076,0.45610115743024626
3077,0.5314321479864154
3078,0.537855724836301
3079,0.4793081406555082
3080,0.3794397620391795
3081,0.2666116220164896
3082,0.1871694896867343
3083,0.20109669983761919
3084,0.3354435455387693
3085,0.5471826777025529
3086,0.7434040480367242
3087,0.8500452418186069
3088,0.8457683650352165
3089,0.7515232137879706
3090,0.6075612032289779
3091,0.47637879875360434
3092,0.43176303035235397
3093,0.5098395202670191
3094,0.6724392338301697
3095,0.827627178287969
3096,0.9014539462921203
3097,0.8716345358356642
3098,0.7580266517775145
3099,0.5978146025371663
3100,0.42813396591306796
3101,0.2998800550048421
3102,0.27164742120453245
3103,0.34583311071048
3104,0.45610115743024626
3105,0.5314321479864154
3106,0.537855724836301
3107,0.4793081406555082
3108,0.3794397620391795
3109,0.2666116220164896
3110,0.1871694896867343
3111,0.20109669983761919
3112,0.3354435455387693
3113,0.5471826777025529
3114,0.7434040480367242
3115,0.8500452418186069
3116,0.8457683650352165
3117,0.7515232137879706
3118,0.6075612032289779
3119,0.47637879875360434
3120,0.43176303035235397
3121,0.5098395202670191
3122,0.6724392338301697
3123,0.827627178287969
3124,0.9014539462921203
3125,0.8716345358356642
3126,0.7580266517775145
3127,0.5978146025371663
3128,0.42813396591306796
3129,0.2998800550048421
3130,0.27164742120453245
3131,0.34583311071048
3132,0.45610115743024626
3133,0.5314321479864154
3134,0.537855724836301
3135,0.4793081406555082
3136,0.3794397620391795
3137,0.2666116220164896
3138,0.1871694896867343
3139,0.20109669983761919
3140,0.3354435455387693
3141,0.5471826777025529
3142,0.7434040480367242
3143,0.8500452418186069
3144,0.8457683650352165
3145,0.7515232137879706
3146,0.6075612032289779
3147,0.47637879875360434
3148,0.43176303035235397
3149,0.5098395202670191
3150,0.6724392338301697
3151,0.827627178287969
3152,0.9014539462921203
3153,0.8716345358356642
3154,0.7580266517775145
3155,0.5978146025371663
3156,0.42813396591306796
3157,0.2998800550048421
3158,0.27164742120453245
3159,0.34583311071048
3160,0.45610115743024626
3161,0.5314321479864154
3162,0.537855724836301
3163,0.4793081406555082
3164,0.3794397620391795
3165,0.2666116220164896
3166,0.1871694896867343
3167,0.20109669983761919
3168,0.3354435455387693
3169,0.5471826777025529
3170,0.7434040480367242
3171,0.8500452418186069
3172,0.8457683650352165
3173,0.7515232137879706
3174,0.6075612032289779
3175,0.47637879875360434
3176,0.43176303035235397
3177,0.5098395202670191
3178,0.6724392338301697
3179,0.827627178287969
3180,0.9014539462921203
3181,0.8716345358356642
3182,0.7580266517775145
3183,0.5978146025371663
3184,0.42813396591306796
3185,0.2998800550048421
3186,0.27164742120453245
3187,0.34583311071048
3188,0.45610115743024626
3189,0.5314321479864154
3190,0.537855724836301
3191,0.4793081406555082
3192,0.3794397620391795
3193,0.2666116220164896
3194,0.1871694896867343
3195,0.20109669983761919
3196,0.3354435455387693
3197,0.5471826777025529
3198,0.7434040480367242
3199,0.8500452418186069
3200,0.8457683650352165
3201,0.7515232137879706
3202,0.6075612032289779
3203,0.47637879875360434
3204,0.43176303035235397
3205,0.5098395202670191
3206,0.6724392338301697
3207,0.827627178287969
3208,0.9014539462921203
3209,0.8716345358356642
3210,0.7580266517775145
3211,0.5978146025371663
3212,0.42813396591306796
3213,0.2998800550048421
3214,0.27164742120453245
3215,0.34583311071048
3216,0.45610115743024626
3217,0.5314321479864154
3218,0.537855724836301
3219,0.4793081406555082
3220,0.3794397620391795
3221,0.2666116220164896
3222,0.1871694896867343
3223,0.20109669983761919
3224,0.3354435455387693
3225,0.5471826777025529
3226,0.7434040480367242
3227,0.8500452418186069
3228,0.8457683650352165
3229,0.7515232137879706
3230,0.6075612032289779
3231,0.47637879875360434
3232,0.43176303035235397
3233,0.5098395202670191
3234,0.6724392338301697
3235,0.827627178287969
3236,0.9014539462921203
3237,0.8716345358356642
3238,0.7580266517775145
3239,0.5978146025371663
3240,0.42813396591306796
3241,0.2998800550048421
3242,0.27164742120453245
3243,0.34583311071048
3244,0.45610115743024626
3245,0.5314321479864154
3246,0.537855724836301
3247,0.4793081406555082
3248,0.3794397620391795
3249,0.2666116220164896
3250,0.1871694896867343
3251,0.20109669983761919
3252,0.3354435455387693
3253,0.5471826777025529
3254,0.7434040480367242
3255,0.8500452418186069
3256,0.8457683650352165
3257,0.7515232137879706
3258,0.6075612032289779
3259,0.47637879875360434
3260,0.43176303035235397
3261,0.5098395202670191
3262,0.6724392338301697
3263,0.827627178287969
3264,0.9014539462921203
3265,0.8716345358356642
3266,0.7580266517775145
3267,0.5978146025371663
3268,0.42813396591306796
3269,0.2998800550048421
3270,0.27164742120453245
3271,0.34583311071048
3272,0.45610115743024626
3273,0.5314321479864154
3274,0.537855724836301
3275,0.4793081406555082
3276,0.3794397620391795
3277,0.2666116220164896
3278,0.1871694896867343
3279,0.20109669983761919
3280,0.3354435455387693
3281,0.5471826777025529
3282,0.7434040480367242
3283,0.8500452418186069
3284,0.8457683650352165
3285,0.7515232137879706
3286,0.6054887606303281
3287,0.4435765507592959
3288,0.29083148050952723
3289,0.1598436170468654
3290,0.054609360898862036
3291,-0.026301426415100915
3292,-0.08600550831195175
3293,-0.12836546416433592
3294,-0.15682322437998297
3295,-0.17419651199876363
3296,-0.18276930990439078
3297,-0.18422568960058316
3298,-0.1805478735693994
3299,-0.17320947929297037
